audience_freshness,rt_audience_score,rt_freshness,rt_score,imdb_rating,length,rank_in_year,rating,release_date,title,year,revenue,rated_r
92,4.3,89,7.5,7.8,136,7,PG-13,4-Apr-14,Captain America: The Winter Soldier,2014,712903691.1,FALSE
89,4.2,90,7.9,7.7,130,9,PG-13,11-Jul-14,Dawn of the Planet of the Apes,2014,706988165.9,FALSE
93,4.4,91,7.7,8.1,121,3,PG-13,1-Aug-14,Guardians of the Galaxy,2014,772158880,FALSE
86,4.2,72,7,8.7,169,10,PG-13,7-Nov-14,Interstellar,2014,671220455.1,FALSE
71,3.8,49,5.7,7.1,97,4,PG,30-May-14,Maleficent,2014,756677675.8,FALSE
66,3.7,53,5.9,6.9,142,8,PG-13,2-May-14,The Amazing Spider-Man 2,2014,707732953.7,FALSE
76,3.9,61,6.3,7.5,144,2,PG-13,17-Dec-14,The Hobbit: The Battle of the Five Armies,2014,952624490.3,FALSE
73,3.8,65,6.3,6.8,123,5,PG-13,21-Nov-14,The Hunger Games: Mockingjay - Part 1,2014,750140046.2,FALSE
52,3.3,18,3.9,5.8,165,1,PG-13,27-Jun-14,Transformers: Age of Extinction,2014,1088559995,FALSE
92,4.3,91,7.6,8.1,131,6,PG-13,23-May-14,X-Men: Days of Future Past,2014,746171720.8,FALSE
85,4.2,74,6.6,7.5,98,3,PG,3-Jul-13,Despicable Me 2,2013,983938347.1,FALSE
84,4.2,69,6.2,7.2,130,6,PG-13,24-May-13,Fast & Furious 6,2013,799384854.3,FALSE
86,4.3,89,7.7,7.7,102,1,PG,27-Nov-13,Frozen,2013,1291514392,FALSE
80,4,97,9,7.9,91,8,PG-13,4-Oct-13,Gravity,2013,726116532.7,FALSE
79,4,79,7,7.3,130,2,PG-13,3-May-13,Iron Man 3,2013,1231937550,FALSE
76,3.9,56,6.2,7.2,143,9,PG-13,14-Jun-13,Man of Steel,2013,677113113.9,FALSE
82,4,78,6.8,7.4,104,7,G,21-Jun-13,Monsters University,2013,753652179.8,FALSE
86,4.1,74,6.8,8,161,4,PG-13,13-Dec-13,The Hobbit: The Desolation of Smaug,2013,973402222,FALSE
90,4.3,89,7.5,7.7,146,5,PG-13,22-Nov-13,The Hunger Games: Catching Fire,2013,876652703.8,FALSE
78,3.9,65,6.2,7.1,112,10,PG-13,8-Nov-13,Thor: The Dark World,2013,653534988.2,FALSE
62,3.6,37,5.1,6.7,88,5,PG,13-Jul-12,Ice Age: Continental Drift,2012,902175843.8,FALSE
73,3.8,79,6.8,7,93,8,PG,8-Jun-12,Madagascar 3: Europe's Most Wanted,2012,768148576.6,FALSE
71,3.8,69,6.1,6.9,106,10,PG-13,25-May-12,Men in Black 3,2012,641761449.9,FALSE
86,4.1,92,8.2,7.8,143,2,PG-13,9-Nov-12,Skyfall,2012,1140066020,FALSE
77,3.9,72,6.7,7.1,136,7,PG-13,3-Jul-12,The Amazing Spider-Man,2012,779470849.5,FALSE
91,4.4,92,8,8.2,143,1,PG-13,4-May-12,The Avengers,2012,1561752971,FALSE
90,4.3,87,8,8.5,165,3,PG-13,20-Jul-12,The Dark Knight Rises,2012,1115258568,FALSE
83,4.1,64,6.6,8,169,4,PG-13,14-Dec-12,The Hobbit: An Unexpected Journey,2012,1045906537,FALSE
81,4.1,84,7.2,7.3,142,9,PG-13,23-Mar-12,The Hunger Games,2012,710892844.5,FALSE
70,3.8,48,5.2,5.6,115,6,PG-13,16-Nov-12,The Twilight Saga: Breaking Dawn - Part 2,2012,853264813.2,FALSE
51,3.3,39,5.5,6.3,106,10,G,24-Jun-11,Cars 2,2011,587678383.4,FALSE
83,4,78,6.4,7.3,131,7,PG-13,29-Apr-11,Fast Five,2011,657258197.5,FALSE
89,4.3,96,8.3,8.1,130,1,PG-13,15-Jul-11,Harry Potter and the Deathly Hallows - Part 2,2011,1408187498,FALSE
74,3.8,81,6.9,7.3,91,6,PG,26-May-11,Kung Fu Panda 2,2011,698778760.9,FALSE
76,3.9,93,7.7,7.4,133,5,PG-13,21-Dec-11,Mission: Impossible - Ghost Protocol,2011,729242277.1,FALSE
54,3.5,33,5.1,6.7,136,3,PG-13,20-May-11,Pirates of the Caribbean: On Stranger Tides,2011,1097688250,FALSE
53,3.4,34,5,6.5,102,8,R,26-May-11,The Hangover Part II,2011,615927877.9,TRUE
44,3.1,22,4,5.5,103,9,PG,29-Jul-11,The Smurfs,2011,591768996.9,FALSE
94,4.5,0,0,4.9,117,4,PG-13,18-Nov-11,The Twilight Saga: Breaking Dawn - Part 1,2011,747568480.6,FALSE
56,3.5,35,4.9,6.3,154,2,PG-13,29-Jun-11,Transformers: Dark of the Moon,2011,1179649301,FALSE
55,3.5,51,5.7,6.5,108,2,PG,5-Mar-10,Alice in Wonderland,2010,1110413236,FALSE
82,4,81,6.8,7.7,95,9,PG,9-Jul-10,Despicable Me,2010,588103657,FALSE
84,4.1,78,7.1,7.7,146,3,PG-13,19-Nov-10,Harry Potter and the Deathly Hallows - Part 1,2010,1039829831,FALSE
91,4.2,98,7.9,8.2,98,10,PG,26-Mar-10,How to Train Your Dragon,2010,535872792.8,FALSE
91,4.2,86,8,8.8,148,4,PG-13,16-Jul-10,Inception,2010,893915146.9,FALSE
72,3.7,73,6.5,7.1,124,7,PG-13,7-May-10,Iron Man 2,2010,675617796.3,FALSE
54,3.5,58,5.9,6.4,93,5,PG,21-May-10,Shrek Forever After,2010,814943703.1,FALSE
87,4.1,90,7.5,7.8,100,8,PG,24-Nov-10,Tangled,2010,640817168.5,FALSE
60,3.6,49,5.4,4.9,124,6,PG-13,30-Jun-10,The Twilight Saga: Eclipse,2010,756351938.8,FALSE
89,4.3,99,8.9,8.4,103,1,G,18-Jun-10,Toy Story 3,2010,1151241371,FALSE
47,3.2,39,5,5.8,158,5,PG-13,13-Nov-09,2012,2009,846695292.8,FALSE
57,3.4,37,5.1,6.7,138,9,PG-13,12-Dec-80,Angels & Demons,2009,534814499.8,FALSE
82,4.1,83,7.4,7.9,162,1,PG-13,18-Dec-09,Avatar,2009,3025614789,FALSE
77,3.8,84,7.2,7.5,153,2,PG,15-Jul-09,Harry Potter and the Half-Blood Prince,2009,1028416947,FALSE
63,3.6,45,5.4,7,94,3,PG,1-Jul-09,Ice Age: Dawn of the Dinosaurs,2009,975885765.8,FALSE
77,3.7,70,6.2,7.6,128,8,PG-13,25-Dec-09,Sherlock Holmes,2009,576744932.8,FALSE
84,4,79,6.8,7.8,100,10,R,5-Jun-09,The Hangover,2009,514511873.6,TRUE
61,3.6,28,4.7,4.6,130,7,PG-13,20-Nov-09,The Twilight Saga: New Moon,2009,781234707.8,FALSE
58,3.5,19,3.9,6,150,4,PG-13,24-Jun-09,Transformers: Revenge of the Fallen,2009,920434198.7,FALSE
90,3.8,98,8.7,8.3,96,6,PG,29-May-09,Up,2009,804914384.8,FALSE
60,3.6,41,5.4,6.5,92,4,PG-13,2-Jul-08,Hancock,2008,684753923.9,FALSE
54,3.3,78,6.9,6.2,122,2,PG-13,22-May-08,Indiana Jones and the Kingdom of the Crystal Skull,2008,862689853.3,FALSE
91,4.2,93,7.6,7.9,126,8,PG-13,2-May-08,Iron Man,2008,641750240.9,FALSE
82,3.9,87,7.2,7.6,92,3,PG,6-Jun-08,Kung Fu Panda,2008,692823108.7,FALSE
66,3.6,64,5.9,6.7,89,6,PG,7-Nov-08,Madagascar: Escape 2 Africa,2008,662286859.4,FALSE
66,3.6,54,5.5,6.4,108,5,PG-13,18-Jul-08,Mamma Mia!,2008,668787232.4,FALSE
58,3.4,65,6.1,6.7,106,7,PG-13,14-Nov-08,Quantum of Solace,2008,642755355.8,FALSE
73,3.7,67,6.3,6.6,150,10,PG,16-May-08,The Chronicles of Narnia: Prince Caspian,2008,460239821.3,FALSE
94,4.4,94,8.6,9,152,1,PG-13,18-Jul-08,The Dark Knight,2008,1093392303,FALSE
89,4.2,96,8.5,8.4,98,9,G,27-Jun-08,WALL-E,2008,571713515.7,FALSE
89,4.1,60,6.1,7.8,117,10,R,9-Mar-07,300,2007,519365892.2,TRUE
81,3.9,79,6.9,7.4,138,2,PG-13,11-Jul-07,Harry Potter and the Order of the Phoenix,2007,1070332714,FALSE
68,3.6,70,6.4,7.2,101,7,PG-13,14-Dec-07,I Am Legend,2007,666589609.9,FALSE
67,3.6,35,4.8,6.5,124,9,PG,21-Dec-07,National Treasure: Book of Secrets,2007,520842241.3,FALSE
72,3.8,45,5.5,7.1,169,1,PG-13,25-May-07,Pirates of the Caribbean: At World's End,2007,1097133564,FALSE
87,3.9,96,8.5,8,111,6,G,29-Jun-07,Ratatouille,2007,710271758.1,FALSE
53,3.4,40,5.4,6.1,93,4,PG,18-May-07,Shrek the Third,2007,909845580,FALSE
51,3.3,63,6.2,6.2,139,3,PG-13,4-May-07,Spider-Man 3,2007,1014515715,FALSE
77,3.7,90,7.6,7.4,87,8,PG-13,27-Jul-07,The Simpsons Movie,2007,600223218.9,FALSE
86,4.1,57,5.8,7.2,144,5,PG-13,3-Jul-07,Transformers,2007,808210413.4,FALSE
80,3.7,74,6.9,7.2,117,6,G,9-Jun-06,Cars,2006,541086305.4,FALSE
89,3.9,95,7.8,8,144,4,PG-13,17-Nov-06,Casino Royale,2006,701617723.4,FALSE
70,3.6,75,6.9,6.5,108,10,PG,17-Nov-06,Happy Feet,2006,450143548.7,FALSE
71,3.6,57,6.1,6.9,91,3,PG,31-Mar-06,Ice Age: The Meltdown,2006,774110496.2,FALSE
69,3.3,70,6.6,6.8,126,8,PG-13,5-May-06,Mission: Impossible III,2006,465971959.2,FALSE
67,3.5,44,5.3,6.4,108,5,PG,22-Dec-06,Night at the Museum,2006,672845512.9,FALSE
72,3.9,54,6,7.3,151,1,PG-13,7-Jul-06,Pirates of the Caribbean: Dead Man's Chest,2006,1248736560,FALSE
61,3.3,76,7,6.1,154,9,PG-13,28-Jun-06,Superman Returns,2006,458044146.7,FALSE
57,3.2,25,4.8,6.5,149,2,PG-13,19-May-06,The Da Vinci Code,2006,888069619.9,FALSE
62,3.6,58,5.9,6.8,104,7,PG-13,26-May-06,X-Men: The Last Stand,2006,538013486,FALSE
94,3.9,85,7.7,8.3,140,9,PG-13,15-Jun-05,Batman Begins,2005,450608889.1,FALSE
51,3,83,7.2,6.7,115,8,PG,15-Jul-05,Charlie and the Chocolate Factory,2005,574240396.1,FALSE
74,3.4,88,7.5,7.6,157,1,PG-13,18-Nov-05,Harry Potter and the Goblet of Fire,2005,1083174496,FALSE
62,3.4,69,6.3,6.7,118,10,PG-13,11-Feb-05,Hitch,2005,445035858,FALSE
50,2.8,84,7.7,7.3,187,5,PG-13,14-Dec-05,King Kong,2005,665579149.1,FALSE
67,3.4,55,6.1,6.9,86,6,PG,27-May-05,Madagascar,2005,644014477,FALSE
58,3.4,59,6,6.5,120,7,PG-13,10-Jun-05,Mr. & Mrs. Smith,2005,578156074.8,FALSE
65,3.1,80,7.2,7.7,140,2,PG-13,19-May-05,Star Wars Episode III: Revenge of the Sith,2005,1026150164,FALSE
61,3.1,76,6.9,6.9,143,3,PG,9-Dec-05,"The Chronicles of Narnia: The Lion, the Witch and the Wardrobe",2005,900723587,FALSE
42,2.9,74,7,6.5,116,4,PG-13,29-Jun-05,War of the Worlds,2005,715424296.8,FALSE
86,3.8,91,7.9,7.8,142,2,PG,4-Jun-04,Harry Potter and the Prisoner of Azkaban,2004,994517314.7,FALSE
58,3.5,38,5.2,6.3,115,7,PG-13,22-Dec-04,Meet the Fockers,2004,645787263.7,FALSE
60,3.3,55,5.9,6.4,125,10,PG-13,10-Dec-04,Ocean's Twelve,2004,453418828.2,FALSE
49,3.2,35,5.2,6,90,9,PG,1-Oct-04,Shark Tale,2004,459082108.1,FALSE
69,3.5,88,7.7,7.2,93,1,PG,19-May-04,Shrek 2,2004,1149769231,FALSE
81,3.5,94,8.3,7.3,127,3,PG-13,30-Jun-04,Spider-Man 2,2004,979683031.6,FALSE
50,3.2,45,5.3,6.4,124,6,PG-13,28-May-04,The Day After Tomorrow,2004,680323214.9,FALSE
74,3.4,97,8.3,8,115,4,PG,5-Nov-04,The Incredibles,2004,789282558.6,FALSE
80,3.7,49,5.9,7.1,127,5,R,25-Feb-04,The Passion of the Christ,2004,764854839.3,TRUE
74,3.5,54,6,7.2,163,8,R,14-May-04,Troy,2004,621746515.9,TRUE
78,3.6,23,4.1,6.5,147,10,R,18-Jul-03,Bad Boys II,2003,350840740.5,TRUE
57,3.3,48,5.6,6.7,101,5,PG-13,23-May-03,Bruce Almighty,2003,621991654.8,FALSE
86,3.8,99,8.6,8.2,100,2,G,30-May-03,Finding Nemo,2003,1113971832,FALSE
86,3.9,79,7.1,8.1,143,4,PG-13,9-Jul-03,Pirates of the Caribbean: The Curse of the Black Pearl,2003,839770411.8,FALSE
47,3.1,70,6.6,6.4,109,7,R,2-Jul-03,Terminator 3: Rise of the Machines,2003,556246758,TRUE
83,3.7,65,6.4,7.7,154,6,R,5-Dec-03,The Last Samurai,2003,586265893.9,TRUE
86,3.7,95,8.7,8.9,201,1,PG-13,17-Dec-03,The Lord of the Rings: The Return of the King,2003,1437468137,FALSE
72,3.4,73,6.8,7.2,138,3,R,15-May-03,The Matrix Reloaded,2003,952547456.4,TRUE
61,3.4,36,5.3,6.7,129,8,R,5-Nov-03,The Matrix Revolutions,2003,548509851,TRUE
85,3.7,87,7.4,7.5,134,9,PG-13,2-May-03,X2,2003,523311824.5,FALSE
41,3.1,57,6.1,6.1,133,6,PG-13,22-Nov-02,Die Another Day,2002,567025727.9,FALSE
79,3.7,82,7.2,7.3,161,2,PG,15-Nov-02,Harry Potter and the Chamber of Secrets,2002,1153349012,FALSE
82,3.6,77,6.8,7.6,81,8,PG,15-Mar-02,Ice Age,2002,503081452.6,FALSE
46,3.1,39,5.2,6,88,5,PG-13,3-Jul-02,Men in Black II,2002,579952267.9,FALSE
80,3.4,90,8.1,7.7,145,10,PG-13,21-Jun-02,Minority Report,2002,470417261,FALSE
73,3.2,76,6.7,6.6,95,9,PG,2-Aug-02,My Big Fat Greek Wedding,2002,484030881.3,FALSE
67,3.2,74,6.8,6.7,106,7,PG-13,2-Aug-02,Signs,2002,535885534.3,FALSE
67,3.3,89,7.6,7.3,121,3,PG-13,3-May-02,Spider-Man,2002,1078613528,FALSE
59,3.3,67,6.6,6.7,142,4,PG,16-May-02,Star Wars Episode II: Attack of the Clones,2002,852430975.1,FALSE
95,4.1,96,8.5,8.7,179,1,PG-13,18-Dec-02,The Lord of the Rings: The Two Towers,2002,1215888674,FALSE
63,3.4,39,5.1,6.7,131,10,R,9-Feb-01,Hannibal,2001,468894560.3,TRUE
82,3.7,80,7.1,7.5,152,1,PG,16-Nov-01,Harry Potter and the Sorcerer's Stone,2001,1299565845,FALSE
37,3,49,5.2,5.9,92,8,PG-13,18-Jul-01,Jurassic Park III,2001,491677898.6,FALSE
90,3.8,96,8,8.1,92,3,G,2-Nov-01,"Monsters, Inc.",2001,700446276.2,FALSE
79,3.6,82,6.9,7.8,116,5,PG-13,7-Dec-01,Ocean's Eleven,2001,600919721.9,FALSE
67,3.3,25,4.6,6,183,6,PG-13,25-May-01,Pearl Harbor,2001,598924903,FALSE
27,2.7,45,5.5,5.7,119,9,PG-13,27-Jul-01,Planet of the Apes,2001,482919671.6,FALSE
90,3.9,87,7.7,7.9,90,4,PG,18-May-01,Shrek,2001,645839752.4,FALSE
95,4.1,91,8.2,8.8,178,2,PG-13,19-Dec-01,The Lord of the Rings: The Fellowship of the Ring,2001,1160945185,FALSE
63,3.3,47,5.2,6.3,130,7,PG-13,4-May-01,The Mummy Returns,2001,577315986.7,FALSE
83,3.5,90,7.4,7.7,143,3,PG-13,22-Dec-00,Cast Away,2000,589107501.4,FALSE
47,3,65,6.2,6.4,82,5,PG,19-May-00,Dinosaur,2000,479673643.7,FALSE
87,3.8,76,7.2,8.5,155,2,R,5-May-00,Gladiator,2000,627512195,TRUE
55,3.2,53,5.6,6,104,6,PG,17-Nov-00,How the Grinch Stole Christmas,2000,473254604.7,FALSE
79,3.6,84,6.9,7,108,7,PG-13,6-Oct-00,Meet the Parents,2000,453101727.4,FALSE
44,3,57,6,6,123,1,PG-13,24-May-00,Mission: Impossible II,2000,749202165.9,FALSE
64,3.2,47,5.5,6.4,130,8,PG-13,30-Jun-00,The Perfect Storm,2000,450735586.1,FALSE
59,3.1,46,5.5,6.6,130,10,PG-13,21-Jul-00,What Lies Beneath,2000,399592809.9,FALSE
54,3.1,54,5.7,6.4,127,4,PG-13,15-Dec-00,What Women Want,2000,512978409.7,FALSE
83,3.7,82,7,7.4,104,9,PG-13,14-Jul-00,X-Men,2000,406337937.1,FALSE
93,3.8,88,8.2,8.4,122,9,R,1-Oct-99,American Beauty,1999,504972371.7,TRUE
71,3.3,51,6,6.6,95,10,PG-13,11-Jun-99,Austin Powers: The Spy Who Shagged Me,1999,442215537.2,FALSE
79,3.3,83,7.1,7,124,7,PG-13,28-May-99,Notting Hill,1999,515733894.8,FALSE
60,3.3,57,5.8,6.6,136,1,PG,19-May-99,Star Wars Episode I: The Phantom Menace,1999,1310017632,FALSE
74,3.2,88,7.6,7.2,88,5,G,18-Jun-99,Tarzan,1999,635213710.2,FALSE
85,3.6,87,7.6,8.7,136,4,R,31-Mar-99,The Matrix,1999,652487687.2,TRUE
75,3.4,55,5.7,7,125,6,PG-13,7-May-99,The Mummy,1999,589494477.1,FALSE
89,3.8,85,7.6,8.2,107,2,PG-13,6-Aug-99,The Sixth Sense,1999,953555515.4,FALSE
50,3,51,5.7,6.4,128,8,PG-13,19-Nov-99,The World Is Not Enough,1999,512818154,FALSE
86,3.5,100,8.6,7.9,92,3,G,24-Nov-99,Toy Story 2,1999,687402755.4,FALSE
72,3.3,92,7.9,7.2,95,5,G,25-Nov-98,A Bug's Life,1998,526412918.8,FALSE
73,3.5,39,5.2,6.6,151,1,PG-13,1-Jul-98,Armageddon,1998,802094487.3,FALSE
43,2.9,48,5.8,6.1,120,6,PG-13,8-May-98,Deep Impact,1998,506228509.2,FALSE
35,2.8,43,5.3,5.3,85,8,PG-13,26-Jun-98,Dr. Dolittle,1998,426544779.9,FALSE
28,2.5,16,4,5.3,139,3,PG-13,20-May-98,Godzilla,1998,549033595.6,FALSE
64,3.3,52,5.8,6.6,127,10,R,10-Jul-98,Lethal Weapon 4,1998,413490148.6,TRUE
84,3.4,86,7.5,7.5,88,7,G,19-Jun-98,Mulan,1998,440833092.4,FALSE
95,4,93,8.6,8.6,169,2,R,24-Jul-98,Saving Private Ryan,1998,697986463.8,TRUE
80,3.4,92,8.3,7.2,123,9,R,8-Jan-99,Shakespeare in Love,1998,419100786.5,TRUE
60,3.3,83,7,7.1,119,4,R,15-Jul-98,There's Something About Mary,1998,535808551.6,TRUE
66,3.2,79,7,6.4,124,5,R,25-Jul-97,Air Force One,1997,463641222,TRUE
87,3.5,86,7.2,7.8,139,6,PG-13,25-Dec-97,As Good as It Gets,1997,462201855.3,FALSE
75,3.4,81,6.9,6.8,86,7,PG-13,21-Mar-97,Liar Liar,1997,445331636.8,FALSE
79,3.5,92,7.5,7.2,98,3,PG-13,2-Jul-97,Men in Black,1997,867079779.9,FALSE
74,3.3,71,6.4,6.3,105,8,PG-13,20-Jun-97,My Best Friend's Wedding,1997,440297359,FALSE
87,3.7,71,6.3,7.6,126,9,PG-13,9-May-97,The Fifth Element,1997,388265227.3,FALSE
79,3.3,95,7.6,7.2,91,10,R,19-Sep-97,The Full Monty,1997,379335283.2,TRUE
52,3.2,52,5.6,6.5,129,2,PG-13,23-May-97,The Lost World: Jurassic Park,1997,910108547.1,FALSE
69,3.3,88,8,7.7,194,1,PG-13,19-Dec-97,Titanic,1997,2711618942,FALSE
53,3.1,57,6,6.5,119,4,PG-13,19-Dec-97,Tomorrow Never Dies,1997,489908039.7,FALSE
40,2.9,38,5.3,5.6,103,6,G,27-Nov-96,101 Dalmatians,1996,482605706.9,FALSE
39,2.8,36,4.9,6,115,10,R,21-Jun-96,Eraser,1996,364630884.7,TRUE
75,3.5,60,6.3,6.9,145,1,PG-13,3-Jul-96,Independence Day,1996,1230107591,FALSE
79,3.3,85,7.4,7.3,139,9,R,13-Dec-96,Jerry Maguire,1996,411669627,TRUE
71,3.3,61,5.9,7.1,110,3,PG-13,22-May-96,Mission: Impossible,1996,688787804.9,FALSE
62,3.1,75,6.6,6.6,121,7,R,8-Nov-96,Ransom,1996,465755910.4,TRUE
69,3.1,73,7.1,6.9,91,5,G,21-Jun-96,The Hunchback of Notre Dame,1996,489602830.8,FALSE
44,2.9,65,5.9,5.5,95,8,PG-13,28-Jun-96,The Nutty Professor,1996,412284269.3,FALSE
86,3.6,66,6.6,7.4,136,4,R,7-Jun-96,The Rock,1996,504236144.1,TRUE
58,3.2,57,6,6.2,113,2,PG-13,10-May-96,Twister,1996,744130795.3,FALSE
86,3.6,95,8.1,7.6,140,3,PG,30-Jun-95,Apollo 13,1995,547646277.7,FALSE
33,2.9,41,5.2,5.4,121,6,PG-13,16-Jun-95,Batman Forever,1995,521397145.4,FALSE
49,3,44,4.8,6,100,8,PG,26-May-95,Casper,1995,446097882.2,FALSE
83,3.6,51,5.7,7.6,131,1,R,19-May-95,Die Hard with a Vengeance,1995,567215110.8,TRUE
83,3.4,82,6.9,7.2,130,4,PG-13,17-Nov-95,GoldenEye,1995,545667343.3,FALSE
61,3.2,50,5.6,6.8,104,10,PG,15-Dec-95,Jumanji,1995,407161572.4,FALSE
64,3.2,56,6,6.6,81,5,G,23-Jun-95,Pocahontas,1995,536194290.8,FALSE
95,4.1,79,7.6,8.7,127,7,R,22-Sep-95,Seven,1995,507116462.2,TRUE
92,3.7,100,9,8.3,81,2,G,22-Nov-95,Toy Story,1995,560796160,FALSE
43,2.6,42,5.2,6.1,135,9,PG-13,28-Jul-95,Waterworld,1995,409363135.8,FALSE
74,3.4,82,6.9,6.9,141,10,PG-13,3-Aug-94,Clear and Present Danger,1994,343962158.2,FALSE
84,3.3,66,5.9,7.3,107,7,PG-13,16-Dec-94,Dumb and Dumber,1994,393970405.1,FALSE
95,4.1,72,7.2,8.8,142,2,PG-13,6-Jul-94,Forrest Gump,1994,1079245008,FALSE
74,3.2,95,7.6,7.1,117,8,R,15-Apr-94,Four Weddings and a Funeral,1994,391461773,TRUE
86,3.7,61,5.9,7.6,123,9,R,11-Nov-94,Interview with the Vampire: The Vampire Chronicles,1994,356352655.7,TRUE
76,3.3,93,7.9,7.2,116,5,R,10-Jun-94,Speed,1994,558349970,TRUE
24,2.5,21,3.7,4.8,91,6,PG,27-May-94,The Flintstones,1994,544302423.8,FALSE
93,4,90,8.2,8.5,89,1,G,24-Jun-94,The Lion King,1994,1224609826,FALSE
67,3.2,77,6.4,6.8,101,4,PG-13,29-Jul-94,The Mask,1994,560158721.2,FALSE
76,3.2,72,6.6,7.2,141,3,R,15-Jul-94,True Lies,1994,603652739.6,TRUE
51,2.8,69,6.2,6.3,112,7,R,28-May-93,Cliffhanger,1993,416680933,TRUE
48,2.9,37,4.6,5.8,117,6,R,7-Apr-93,Indecent Proposal,1993,435658442.9,TRUE
90,3.6,93,8.3,8,127,1,PG-13,11-Jun-93,Jurassic Park,1993,1494643267,FALSE
76,3.4,71,5.8,6.9,125,2,PG-13,24-Nov-93,Mrs. Doubtfire,1993,721079965.9,FALSE
89,3.7,78,6.6,7.7,125,9,PG-13,14-Jan-94,Philadelphia,1993,337721152.8,FALSE
97,4.3,96,9,8.9,195,4,R,4-Feb-94,Schindler's List,1993,525027843.8,TRUE
75,3.3,72,6.5,6.8,105,8,PG,25-Jun-93,Sleepless in Seattle,1993,372234469.3,FALSE
64,3.2,75,6.2,6.8,154,5,R,30-Jun-93,The Firm,1993,441597053.1,TRUE
89,3.6,96,7.9,7.8,130,3,PG-13,6-Aug-93,The Fugitive,1993,602758308.5,FALSE
61,3.2,52,5.5,6.5,141,10,PG-13,17-Dec-93,The Pelican Brief,1993,319076111.5,FALSE
89,3.6,81,7,7.6,138,7,R,11-Dec-92,A Few Good Men,1992,409362990.7,TRUE
92,3.7,94,8.1,8,90,1,G,25-Nov-92,Aladdin,1992,848295321.9,FALSE
64,3.1,54,5.9,6.9,127,4,R,20-Mar-92,Basic Instinct,1992,593961676.4,TRUE
73,3.3,80,6.7,7,126,6,PG-13,19-Jun-92,Batman Returns,1992,449050801.2,FALSE
80,3.6,79,6.5,7.5,128,9,R,13-Nov-92,Bram Stoker's Dracula,1992,363287833,TRUE
61,3,24,3.6,6.5,120,3,PG,20-Nov-92,Home Alone 2: Lost in New York,1992,604173235.8,FALSE
62,3.2,56,5.5,6.7,118,5,R,15-May-92,Lethal Weapon 3,1992,541460630.3,TRUE
65,3.1,71,5.7,6.2,100,8,PG,29-May-92,Sister Act,1992,389781727.8,FALSE
64,3,32,4.8,6.1,129,2,R,25-Nov-92,The Bodyguard,1992,691707059.5,TRUE
85,3.4,85,6.8,7,94,10,PG-13,14-Feb-92,Wayne's World,1992,308145094.9,FALSE
92,3.7,93,8.4,8,84,3,G,22-Nov-91,Beauty and the Beast,1991,609997249.7,FALSE
77,3.5,76,7.1,7.3,128,8,R,15-Nov-91,Cape Fear,1991,316024944.4,TRUE
64,3.1,90,7,6.7,113,10,PG-13,7-Jun-91,City Slickers,1991,310376502.9,FALSE
76,3.3,30,4.4,6.7,142,4,PG,11-Dec-91,Hook,1991,521567841.1,FALSE
65,3,83,6.5,6.7,84,9,PG-13,31-Jul-91,Hot Shots!,1991,313951873.3,FALSE
88,3.8,85,7.7,8,189,6,R,20-Dec-91,JFK,1991,356095013.1,TRUE
72,3.4,50,5.7,6.9,143,2,PG-13,14-Jun-91,Robin Hood: Prince of Thieves,1991,676967922.6,FALSE
94,3.7,92,8.3,8.5,137,1,R,3-Jul-91,Terminator 2: Judgment Day,1991,901210651.8,TRUE
66,3.2,60,5.6,6.8,99,7,PG-13,22-Nov-91,The Addams Family,1991,331992373.9,FALSE
95,4.1,94,8.5,8.6,118,5,R,14-Feb-91,The Silence of the Lambs,1991,472832496.3,TRUE
78,3.4,73,6.5,7.4,118,6,PG,25-May-90,Back to the Future Part III,1990,441756758.8,FALSE
87,3.6,82,7.5,8,181,4,PG-13,21-Nov-90,Dances with Wolves,1990,766363955.5,FALSE
70,3.5,69,6.1,7.1,124,7,R,4-Jul-90,Die Hard 2,1990,433633526.3,TRUE
80,3.5,74,6.8,7,127,1,PG-13,13-Jul-90,Ghost,1990,913588289,FALSE
79,3.3,54,5.1,7.4,103,2,PG,16-Nov-90,Home Alone,1990,861165331.1,FALSE
51,3,51,5.1,6,111,10,PG-13,21-Dec-90,Kindergarten Cop,1990,364851165.5,FALSE
66,3.4,85,7.4,6.9,127,8,R,27-Jul-90,Presumed Innocent,1990,399800210,TRUE
68,3.5,62,5.7,6.9,119,3,R,23-Mar-90,Pretty Woman,1990,837176928.8,TRUE
81,3.3,41,4.8,6.7,93,9,PG,30-Mar-90,Teenage Mutant Ninja Turtles,1990,364866028.2,FALSE
78,3.3,84,7.3,7.5,113,5,R,1-Jun-90,Total Recall,1990,472122383,TRUE
85,3.5,64,6.1,7.8,108,3,PG,22-Nov-89,Back to the Future Part II,1989,632094375.2,FALSE
84,3.5,72,6.6,7.6,126,2,PG-13,23-Jun-89,Batman,1989,783284649.9,FALSE
76,3.4,90,7.4,7.2,145,10,R,5-Jan-90,Born on the Fourth of July,1989,306577096.2,TRUE
92,3.8,85,7.2,8,128,5,PG,9-Jun-89,Dead Poets Society,1989,449121409.1,FALSE
61,3.2,51,5.2,6.5,108,8,PG,16-Jun-89,Ghostbusters II,1989,410151533.4,FALSE
53,2.9,75,6.2,6.2,93,7,PG,23-Jun-89,"Honey, I Shrunk the Kids",1989,424108135.2,FALSE
94,4,88,7.9,8.3,127,1,PG-13,24-May-89,Indiana Jones and the Last Crusade,1989,902911069.9,FALSE
77,3.3,83,6.6,7.2,114,6,R,7-Jul-89,Lethal Weapon 2,1989,433876252.6,TRUE
47,2.9,58,5,5.8,93,4,PG-13,13-Oct-89,Look Who's Talking,1989,565542732.6,FALSE
88,3.6,92,8.1,7.6,83,9,G,17-Nov-89,The Little Mermaid,1989,350666921.1,FALSE
38,2.7,11,3.5,5.5,108,6,PG,25-May-88,"""Crocodile"" Dundee II",1988,218167988.2,FALSE
82,3.5,81,7,7.4,92,10,PG,30-Mar-88,Beetlejuice,1988,147115232.3,FALSE
81,3.5,97,7.9,7.3,104,4,PG,3-Jun-88,Big,1988,229470092.6,FALSE
59,3,5,3.8,5.8,104,9,R,29-Jul-88,Cocktail,1988,156127457.4,TRUE
85,3.4,68,5.8,6.9,116,3,R,29-Jun-88,Coming to America,1988,255783543.2,TRUE
94,3.9,92,8.4,8.3,131,7,R,20-Jul-88,Die Hard,1988,165680195.5,TRUE
90,3.8,90,7.9,8,133,1,R,16-Dec-88,Rain Man,1988,344948173.2,TRUE
84,3.3,86,7.3,7.6,85,8,PG-13,2-Dec-88,The Naked Gun: From the Files of Police Squad!,1988,157192136.6,FALSE
38,2.7,36,4.8,5.9,107,5,PG,9-Dec-88,Twins,1988,223421641.9,FALSE
84,3.5,98,8.4,7.7,104,2,PG,22-Jun-88,Who Framed Roger Rabbit,1988,312268615,FALSE
58,3.1,46,4.9,6.4,100,3,R,20-May-87,Beverly Hills Cop II,1987,319394671.1,TRUE
71,3.3,78,6.7,6.9,119,2,R,18-Sep-87,Fatal Attraction,1987,325590003.4,TRUE
82,3.5,89,7.4,7.3,121,4,R,15-Jan-88,"Good Morning, Vietnam",1987,257574173.3,TRUE
85,3.6,84,7.1,7.6,110,9,R,6-Mar-87,Lethal Weapon,1987,135533817.1,TRUE
81,3.4,92,7.8,7.1,102,5,PG,15-Jan-88,Moonstruck,1987,167612331.3,FALSE
56,2.9,87,6.5,6.6,117,8,R,5-Aug-87,Stakeout,1987,136502617.9,TRUE
58,3,58,5.4,6.4,111,7,PG-13,10-Apr-87,The Secret of My Success,1987,139249933.1,FALSE
89,3.9,80,7.4,8,119,6,R,3-Jun-87,The Untouchables,1987,158529078.6,TRUE
62,3.2,73,6.2,6.5,118,10,R,12-Jun-87,The Witches of Eastwick,1987,132539476.9,TRUE
47,2.9,74,5.9,5.8,102,1,PG,25-Nov-87,Three Men and a Baby,1987,348734793.1,FALSE
58,3,89,6.7,6.5,97,2,PG-13,26-Sep-86,"""Crocodile"" Dundee",1986,376591505.8,FALSE
94,3.8,98,9,8.4,137,7,R,18-Jul-86,Aliens,1986,185621091.2,TRUE
71,3.3,68,6.3,6.9,80,8,G,21-Nov-86,An American Tail,1986,182134789.9,FALSE
68,3,84,7,6.5,96,6,PG-13,13-Jun-86,Back to School,1986,196603537.4,FALSE
93,3.9,88,8.1,8.1,120,3,R,6-Feb-87,Platoon,1986,298446154,TRUE
70,3.2,94,7,6.8,93,10,R,27-Jun-86,Ruthless People,1986,154306521.9,TRUE
81,3.5,85,6.9,7.3,119,5,PG,26-Nov-86,Star Trek IV: The Voyage Home,1986,236362728.2,FALSE
47,2.9,26,3.9,5.8,94,9,PG-13,12-Dec-86,The Golden Child,1986,171957403.9,FALSE
52,3,43,4.9,5.8,113,4,PG,20-Jun-86,"The Karate Kid, Part II",1986,247976609.7,FALSE
84,3.5,54,5.8,6.8,110,1,PG,16-May-86,Top Gun,1986,380853328.8,FALSE
94,3.8,96,8.6,8.5,116,1,PG,3-Jul-85,Back to the Future,1985,462165115.2,FALSE
60,3.1,80,6.2,6.6,117,6,PG-13,21-Jun-85,Cocoon,1985,187212356.2,FALSE
84,3.7,53,6.5,7.2,161,5,PG,20-Dec-85,Out Of Africa,1985,191070314.6,FALSE
60,3.1,28,4.1,6.4,96,2,R,22-May-85,Rambo: First Blood Part II,1985,330073804.7,TRUE
80,3.4,38,4.8,6.7,91,3,PG,27-Nov-85,Rocky IV,1985,280607936.3,FALSE
57,3.1,35,4.4,6.3,102,10,PG,6-Dec-85,Spies Like Us,1985,131860128.9,FALSE
94,3.9,88,6.9,7.8,154,4,PG-13,7-Feb-86,The Color Purple,1985,206660859.4,FALSE
91,3.8,68,6.1,7.8,114,9,PG,7-Jun-85,The Goonies,1985,134714403.8,FALSE
38,3,48,4.8,6,106,7,PG,11-Dec-85,The Jewel of the Nile,1985,166716691.6,FALSE
80,3.5,91,8.1,7.5,112,8,R,8-Feb-85,Witness,1985,150771621.6,TRUE
81,3.4,83,7.1,7.3,105,2,R,5-Dec-84,Beverly Hills Cop,1984,533507308,TRUE
72,3.3,56,5.7,6.4,107,7,R,17-Feb-84,Footloose,1984,181885265.5,TRUE
88,3.6,97,8.2,7.8,105,1,PG,8-Jun-84,Ghostbusters,1984,542305856.5,FALSE
77,3.4,85,7.3,7.2,106,4,PG,8-Jun-84,Gremlins,1984,347890557.9,FALSE
81,3.8,84,7.2,7.6,118,3,PG,23-May-84,Indiana Jones and the Temple of Doom,1984,408766010.8,FALSE
64,3.2,41,4.5,6.6,96,6,R,23-Mar-84,Police Academy,1984,184529371.1,TRUE
69,3.2,87,7.3,6.9,106,9,PG,30-Mar-84,Romancing the Stone,1984,178103266.3,FALSE
61,3.3,78,6.4,6.6,105,10,PG,1-Jun-84,Star Trek III: The Search for Spock,1984,174015017,FALSE
81,3.3,90,6.9,7.2,126,5,PG,22-Jun-84,The Karate Kid,1984,206383818.5,FALSE
88,3.6,100,8.7,8.1,107,8,R,26-Oct-84,The Terminator,1984,178168716.1,TRUE
62,3.1,33,4.7,6.1,95,3,R,15-Apr-83,Flashdance,1983,220285758.3,TRUE
57,3,85,6.1,6.4,91,9,PG,19-Aug-83,Mr. Mom,1983,153581249.5,FALSE
48,3.1,42,5.2,6.6,131,6,PG,10-Jun-83,Octopussy,1983,160731608.4,FALSE
72,3.2,96,7.5,6.8,99,10,R,5-Aug-83,Risky Business,1983,150636755.5,TRUE
95,4,79,6.8,8.4,134,1,PG,25-May-83,Star Wars Episode VI: Return of the Jedi,1983,598793083,FALSE
38,2.7,0,2.7,4.4,93,8,PG,15-Jul-83,Staying Alive,1983,153839280.6,FALSE
54,3.2,56,5.6,6.6,117,7,R,9-Dec-83,Sudden Impact,1983,160358685,TRUE
84,3.7,88,7.5,7.4,132,2,R,9-Dec-83,Terms of Endearment,1983,257036604.4,TRUE
85,3.5,88,7.2,7.5,116,4,R,8-Jun-83,Trading Places,1983,214320190.5,TRUE
75,3.3,92,7.6,7.1,114,5,PG,3-Jun-83,WarGames,1983,188628895.2,FALSE
69,3.2,92,7.3,6.9,96,7,R,8-Dec-82,48 Hrs.,1982,192977753.8,TRUE
81,3.5,81,7.4,7,124,3,R,13-Aug-82,An Officer and a Gentleman,1982,317587527.6,TRUE
69,3.1,50,5,6.5,127,10,PG,18-Jun-82,Annie,1982,139613624.1,FALSE
71,3.5,98,9.1,7.9,115,1,PG,11-Jun-82,E.T. the Extra-Terrestrial,1982,878893732.4,FALSE
78,3.4,88,7.2,7.4,114,8,PG,4-Jun-82,Poltergeist,1982,187442468.7,FALSE
58,3.1,30,4.6,6.1,94,5,R,19-Mar-82,Porky's,1982,258122068.3,TRUE
74,3.3,61,5.4,6.7,99,4,PG,28-May-82,Rocky III,1982,303766229.8,FALSE
90,3.8,90,7.9,7.7,113,6,PG,4-Jun-82,Star Trek II: The Wrath of Khan,1982,193086527.6,FALSE
69,3.2,56,5.1,5.7,114,9,R,23-Jul-82,The Best Little Whorehouse in Texas,1982,170547987.8,TRUE
81,3.4,88,7.7,7.4,116,2,PG,17-Dec-82,Tootsie,1982,433578101.6,FALSE
77,3.3,90,7.2,6.9,97,4,PG,17-Jul-81,Arthur,1981,247968282.6,FALSE
81,3.6,84,7.7,7.2,119,7,PG,9-Apr-82,Chariots of Fire,1981,153186172.9,FALSE
64,3.3,73,6.3,6.8,127,8,PG,26-Jun-81,For Your Eyes Only,1981,142380022,FALSE
87,3.7,92,7.6,7.7,109,2,PG,12-Feb-82,On Golden Pond,1981,309852111.3,FALSE
96,4,95,9.1,8.6,115,1,PG,12-Jun-81,Raiders of the Lost Ark,1981,551261301.7,FALSE
80,3.5,88,6.6,6.9,106,5,R,26-Jun-81,Stripes,1981,221564822.3,TRUE
75,3.2,89,7.5,6.8,127,3,PG,19-Jun-81,Superman II,1981,281019809.9,FALSE
62,3.1,31,4.2,6.1,95,6,PG,19-Jun-81,The Cannonball Run,1981,187491419.3,FALSE
75,3.5,75,6.1,7.2,107,9,PG,22-May-81,The Four Seasons,1981,130989277.7,FALSE
77,3.5,91,7.9,7,110,10,PG,6-Nov-81,Time Bandits,1981,110047509.6,FALSE
74,3.2,82,6.8,6.6,110,2,PG,19-Dec-80,9 to 5,1980,295981184.1,FALSE
89,3.6,96,8.3,7.8,88,4,PG,2-Jul-80,Airplane!,1980,239137939,FALSE
45,3.1,20,4.9,6,116,5,PG,17-Dec-80,Any Which Way You Can,1980,202556128.4,FALSE
86,3.6,100,8.3,7.5,124,7,PG,7-Mar-80,Coal Miner's Daughter,1980,192513743.7,FALSE
60,3,88,6.8,6,109,6,R,10-Oct-80,Private Benjamin,1980,200149101.5,TRUE
46,2.8,20,4,5.1,100,8,PG,15-Aug-80,Smokey and the Bandit II,1980,189504484.5,FALSE
97,4.1,96,8.7,8.8,124,1,PG,20-Jun-80,Star Wars Episode V: The Empire Strikes Back,1980,600034614.9,FALSE
77,3.4,67,6.1,6.8,111,3,R,12-Dec-80,Stir Crazy,1980,290277362.9,TRUE
54,2.9,11,2.7,5.7,104,9,R,2-Jul-80,The Blue Lagoon,1980,168644860.9,TRUE
93,3.7,87,7.1,8,133,10,R,20-Jun-80,The Blues Brothers,1980,163993500,TRUE
54,2.9,71,6.4,6,122,7,R,5-Oct-79,10,1979,243487204,TRUE
94,3.9,97,8.9,8.5,117,6,R,22-Jun-79,Alien,1979,263216748.2,TRUE
94,4.1,99,8.9,8.5,153,4,R,15-Aug-79,Apocalypse Now,1979,271476717.7,TRUE
89,3.7,88,7.8,7.8,105,1,PG-13,19-Dec-79,Kramer vs. Kramer,1979,345592354.6,FALSE
43,3,62,5.7,6.2,126,9,PG,29-Jun-79,Moonraker,1979,228664986.6,FALSE
81,3.4,72,6.4,7.1,119,3,PG,15-Jun-79,Rocky II,1979,277040309.1,FALSE
42,3.1,45,5.7,6.4,132,5,PG,7-Dec-79,Star Trek: The Motion Picture,1979,267531465.2,FALSE
53,3.3,24,4.4,6.2,117,2,R,27-Jul-79,The Amityville Horror,1979,281106889.7,TRUE
85,3.6,84,6.6,7.2,94,8,R,14-Dec-79,The Jerk,1979,239668652.4,TRUE
88,3.5,89,7.8,7.7,95,10,G,22-Jun-79,The Muppet Movie,1979,212051774.1,FALSE
90,3.6,95,8.6,8,127,8,R,24-May-79,Dawn of the Dead,1978,213741861.1,TRUE
56,3.1,31,4.5,6.2,114,4,PG,20-Dec-78,Every Which Way but Loose,1978,308535411.7,FALSE
88,3.7,79,6.6,7.2,110,1,PG-13,16-Jun-78,Grease,1978,579356607.5,FALSE
68,3.3,88,7.1,6.9,101,5,PG,28-Jun-78,Heaven Can Wait,1978,295656760.8,FALSE
62,3.1,63,5.3,6.2,99,6,PG,28-Jul-78,Hooper,1978,282473650.3,FALSE
38,2.8,53,5.3,5.7,116,7,PG,16-Jun-78,Jaws 2,1978,281522192.1,FALSE
89,3.7,91,7.7,7.6,109,3,R,28-Jul-78,National Lampoon's Animal House,1978,434904844.7,TRUE
70,3.3,82,6.6,6.7,99,9,PG,19-Jul-78,Revenge of the Pink Panther,1978,179549193.5,FALSE
86,3.5,93,8,7.3,143,2,PG,15-Dec-78,Superman,1978,486064788.2,FALSE
92,4.1,93,8.6,8.2,182,10,R,23-Feb-79,The Deer Hunter,1978,177376533,TRUE
86,3.7,73,6.8,7.4,175,7,PG,15-Jun-77,A Bridge Too Far,1977,197739921.6,FALSE
93,3.9,98,8.9,8.1,93,10,PG,20-Apr-77,Annie Hall,1977,149041059.7,FALSE
85,3.7,96,8.8,7.7,137,3,PG,25-Dec-77,Close Encounters of the Third Kind,1977,453517815.5,FALSE
59,3.2,71,6.1,6.5,98,6,PG,7-Oct-77,"Oh, God!",1977,198952451.1,FALSE
72,3.2,90,7.5,6.8,118,5,R,16-Dec-77,Saturday Night Fever,1977,367087834.9,TRUE
85,3.4,81,6.3,6.8,96,2,PG,27-May-77,Smokey and the Bandit,1977,493813775,FALSE
96,4.1,93,8.3,8.7,121,1,PG,25-May-77,Star Wars,1977,1197208493,FALSE
38,2.9,36,4.7,6.1,123,8,PG,17-Jun-77,The Deep,1977,184478157.7,FALSE
84,3.8,87,6.5,7.4,111,4,PG,1-Feb-78,The Goodbye Girl,1977,397428019.8,FALSE
76,3.4,78,6.8,7.1,125,9,PG,3-Aug-77,The Spy Who Loved Me,1977,182500010.4,FALSE
71,3.5,31,5.3,6.5,139,3,R,17-Dec-76,A Star Is Born,1976,331977504.4,TRUE
92,3.9,98,9.1,8,138,4,R,9-Apr-76,All the President's Men,1976,292970147.6,TRUE
100,1.7,0,0,4.6,99,6,G,11-Feb-77,In Search of Noah's Ark,1976,231139337.4,FALSE
30,2.8,46,4.7,5.8,134,7,PG,17-Dec-76,King Kong,1976,218335151.8,FALSE
71,3.6,54,5.9,6.7,132,10,PG,18-Jun-76,Midway,1976,179350846.8,FALSE
68,3.2,92,8.3,8.1,119,1,PG,3-Dec-76,Rocky,1976,486492894.1,FALSE
72,3.4,88,6.5,6.9,114,8,PG,3-Dec-76,Silver Streak,1976,211963752.4,FALSE
59,3.4,78,6.3,6.8,96,9,R,22-Dec-76,The Enforcer,1976,191866398.7,TRUE
80,3.5,86,7.1,7.6,111,5,R,25-Jun-76,The Omen,1976,252813235.8,TRUE
75,4,0,0,7,27,2,G,19-Jun-81,To Fly!,1976,359365648.5,FALSE
60,3.6,0,0,6,88,9,PG,29-Apr-75,"Aloha, Bobby and Rose",1975,153609014.9,FALSE
90,4,97,8.5,8.1,125,4,R,21-Sep-75,Dog Day Afternoon,1975,219441449.8,TRUE
56,3.2,38,4.6,6.4,136,7,PG,15-Mar-75,Funny Lady,1975,171164330.9,FALSE
53,3.2,63,6.2,6.3,109,5,R,13-Mar-75,Shampoo,1975,216842095.6,TRUE
60,3.2,56,6.2,6.2,100,8,G,1-Jul-75,The Apple Dumpling Gang,1975,161741515,FALSE
77,3.6,0,0,6.4,103,10,PG,20-Dec-75,The Other Side of the Mountain,1975,152174306.7,FALSE
82,3.4,89,6.7,7.1,113,6,G,21-May-75,The Return of the Pink Panther,1975,183599406.3,FALSE
67,3.2,74,6.8,6.7,106,7,PG-13,2-Aug-02,Signs,2002,535885534.3,FALSE
